,precision,recall,f1-score,support
0,0.8169014084507042,0.8055555555555556,0.8111888111888111,72.0
1,0.5172413793103449,0.5357142857142857,0.5263157894736842,28.0
accuracy,0.73,0.73,0.73,0.73
macro avg,0.6670713938805246,0.6706349206349207,0.6687523003312477,100.0
weighted avg,0.7329966002914036,0.73,0.7314243651085754,100.0
